[
    {
        "ParameterKey": "Vpc",
        "ParameterValue": "vpc-e60c8e9b"
    },
    {
        "ParameterKey": "SubnetA",
        "ParameterValue": "subnet-09b2c36f"
    },
    {
        "ParameterKey": "SubnetB",
        "ParameterValue": "subnet-867879cb"
    },
    {
        "ParameterKey": "BucketName",
        "ParameterValue": "sample-db-bak"
    },
  
  {
    "ParameterKey": "DatabaseName",
    "ParameterValue": "TESTDB"
   },
   {
    "ParameterKey": "CIDRIp",
    "ParameterValue": "0.0.0.0/0"
   },
  {
      "ParameterKey": "DBInstanceClass",
      "ParameterValue": "db.t3.small"
  },
  {
      "ParameterKey": "Engine",
      "ParameterValue": "oracle-se2"
  },
  {
      "ParameterKey": "EngineVersion",
      "ParameterValue": "19"
  },
  {
      "ParameterKey": "DatabaseMasterUsername",
      "ParameterValue": "admin"
  },
  {
    "ParameterKey": "DatabaseIdentifier",
    "ParameterValue": "test-oracle-rds"
   },
  {
      "ParameterKey": "DatabasePort",
      "ParameterValue": "1521"
  },
  {
      "ParameterKey": "DBAllocatedStorage",
      "ParameterValue": "25"
  },
  {
      "ParameterKey": "MaxAutoscalingStorageLimit",
      "ParameterValue": "100"
  },
  {
      "ParameterKey": "DeleteProtect",
      "ParameterValue": "false"
  },
  {
      "ParameterKey": "EnableDBMultiAZ",
      "ParameterValue": "false"
  },
  {
      "ParameterKey": "EnableEnhancedMonitoring",
      "ParameterValue": "true"
  },
  {
      "ParameterKey": "BackupRetentionPeriod",
      "ParameterValue": "10"
  }
]
